{"cameraMode":{"drawMode":0,"name":"Shaded","section":"Shading Mode"},"sceneLighting":true,"audioPlay":false,"sceneViewState":{"m_AlwaysRefresh":false,"showFog":true,"showSkybox":true,"showFlares":true,"showImageEffects":true,"showParticleSystems":true,"showVisualEffectGraphs":true,"m_FxEnabled":true},"in2DMode":false,"pivot":{"x":568.1751708984375,"y":6.990832805633545,"z":21.87761116027832},"rotation":{"x":-0.05100782588124275,"y":-0.10407611727714539,"z":0.0053448728285729889,"w":-0.9932462573051453},"size":4.083761215209961,"orthographic":false}